serum,virus,replicate,nreplicates,ic50,ic50_bound,ic50_str,ic90,ic90_bound,ic90_str,ic99,ic99_bound,ic99_str,midpoint,slope,top,bottom
mRNA,NiV,average,2,3.8e-05,upper,<3.8e-05,4.324263415698396e-05,interpolated,4.32e-05,0.00010561836886362734,interpolated,0.000106,1.907834127782736e-05,2.685196853958619,1,0
NiV-sG,NiV,average,2,3.8e-05,upper,<3.8e-05,8.236185661797822e-05,interpolated,8.24e-05,0.0002214950390236964,interpolated,0.000221,3.326924958671413e-05,2.4238847285810783,1,0
ChAdOx1,NiV,average,2,5.867435755534768e-05,interpolated,5.87e-05,0.00018800878385292325,interpolated,0.000188,0.0006700324241334088,interpolated,0.00067,5.867435755534768e-05,1.886862342120557,1,0
HeV-sG,NiV,average,2,4.633461394578892e-05,interpolated,4.63e-05,0.00011443149708887247,interpolated,0.000114,0.0003069340702104949,interpolated,0.000307,4.633461394578892e-05,2.4303240483643163,1,0
