serum,virus,replicate,nreplicates,ic50,ic50_bound,ic50_str,ic90,ic90_bound,ic90_str,ic99,ic99_bound,ic99_str,midpoint,slope,top,bottom
NiV-sG,K199W,average,2,4.944984531948602e-05,interpolated,4.94e-05,0.00018852054672203694,interpolated,0.000189,0.0008121427774284927,interpolated,0.000812,4.944984531948602e-05,1.6418664246012467,1,0
NiV-sG,K386D,average,2,4.048350298150965e-05,interpolated,4.05e-05,0.0002021798468445837,interpolated,0.000202,0.0011694654438040735,interpolated,0.00117,4.048350298150965e-05,1.3662096778038009,1,0
NiV-sG,Q530W,average,2,3.8e-05,upper,<3.8e-05,9.749145823622127e-05,interpolated,9.75e-05,0.0003716372098066293,interpolated,0.000372,2.860542372231523e-05,1.7919435299606405,1,0
NiV-sG,D582Q,average,2,3.8e-05,upper,<3.8e-05,7.919183203195898e-05,interpolated,7.92e-05,0.00023082038698457808,interpolated,0.000231,2.9714381412663257e-05,2.241512353003535,1,0
NiV-sG,WT,average,2,3.8e-05,upper,<3.8e-05,8.488888167687409e-05,interpolated,8.49e-05,0.0002819497194685139,interpolated,0.000282,2.8259033778670465e-05,1.9976041165796208,1,0
NiV-sG,Y171G,average,2,0.00019865917394523477,interpolated,0.000199,0.00044350580295053973,interpolated,0.000444,0.001065478648558205,interpolated,0.00107,0.00019865917394523477,2.735860103067539,1,0
NiV-sG,K199W/K386D/D582Q,average,2,6.647634858663492e-05,interpolated,6.65e-05,0.0005289157308519328,interpolated,0.000529,0.005085899326112947,interpolated,0.00509,6.647634858663492e-05,1.0594227085480101,1,0
