serum,virus,replicate,nreplicates,ic50,ic50_bound,ic50_str,ic90,ic90_bound,ic90_str,ic99,ic99_bound,ic99_str,midpoint,slope,top,bottom
HeV-sG_p36,NiV,average,2,0.00012492136961730327,interpolated,0.000125,0.0005108176589857121,interpolated,0.000511,0.0023754979027918216,interpolated,0.00238,0.00012492136961730327,1.5601651516331534,1,0
HeV-sG_p38,NiV,average,2,6.11414700585274e-05,interpolated,6.11e-05,0.00023452467514261153,interpolated,0.000235,0.0010171007830445684,interpolated,0.00102,6.11414700585274e-05,1.6343892288091963,1,0
HeV-sG_p44,NiV,average,2,5.1548804148906225e-05,interpolated,5.15e-05,0.00021848185187277127,interpolated,0.000218,0.0010565583876233756,interpolated,0.00106,5.1548804148906225e-05,1.5214403992301302,1,0
mRNA_p70,NiV,average,2,1.2189238142954819e-05,interpolated,1.22e-05,6.238573554912625e-05,interpolated,6.24e-05,0.00037064346720939366,interpolated,0.000371,1.2189238142954819e-05,1.3456927808136168,1,0
mRNA_p71,NiV,average,2,1.933090339887685e-05,interpolated,1.93e-05,9.343734160824142e-05,interpolated,9.34e-05,0.0005215337937630124,interpolated,0.000522,1.933090339887685e-05,1.394544328629975,1,0
mRNA_p72,NiV,average,2,1e-05,upper,<1e-05,2.766224416234138e-05,interpolated,2.77e-05,9.61688237760282e-05,interpolated,9.62e-05,8.83134869603864e-06,1.9244177445356017,1,0
