serum,virus,replicate,nreplicates,ic50,ic50_bound,ic50_str,ic90,ic90_bound,ic90_str,ic99,ic99_bound,ic99_str,midpoint,slope,top,bottom
NiVsG_p53,WT,average,3,0.0009274915423211054,interpolated,0.000927,0.005128852036178054,interpolated,0.00513,0.01389,lower,>0.0139,0.0009274915423211054,1.2848113488445094,1,0
NiVsG_p53,L184E,average,3,0.00025709336955568034,interpolated,0.000257,0.004583462763809658,interpolated,0.00458,0.01389,lower,>0.0139,0.00025709336955568034,0.7627210854897277,1,0
NiVsG_p53,I580S,average,3,0.00034362296176727126,interpolated,0.000344,0.003245992737396357,interpolated,0.00325,0.01389,lower,>0.0139,0.00034362296176727126,0.9784439617454904,1,0
NiVsG_p53,N586Y,average,3,0.00011260802761524077,interpolated,0.000113,0.0017362433329732947,interpolated,0.00174,0.01389,lower,>0.0139,0.00011260802761524077,0.8032065535805799,1,0
NiVsG_p53,P403K,average,3,0.0004715347700702008,interpolated,0.000472,0.00968776380831805,interpolated,0.00969,0.01389,lower,>0.0139,0.0004715347700702008,0.7269257037064029,1,0
NiVsG_p53,N529H,average,3,0.00017525638039879606,interpolated,0.000175,0.005241984386718024,interpolated,0.00524,0.01389,lower,>0.0139,0.00017525638039879606,0.6465837910555611,1,0
NiVsG_p53,R344Y,average,3,0.0004742997607911366,interpolated,0.000474,0.004953364409421605,interpolated,0.00495,0.01389,lower,>0.0139,0.0004742997607911366,0.9365902430848737,1,0
NiVsG_p53,E393W,average,3,0.0001541848950611555,interpolated,0.000154,0.004492768484219882,interpolated,0.00449,0.01389,lower,>0.0139,0.0001541848950611555,0.6515948222510379,1,0
