serum,virus,replicate,nreplicates,ic50,ic50_bound,ic50_str,ic90,ic90_bound,ic90_str,ic99,ic99_bound,ic99_str,midpoint,slope,top,bottom
NiVsG_P42,WT,average,2,3.953822944236191e-05,interpolated,3.95e-05,0.000836851537508502,interpolated,0.000837,0.023407143404425856,interpolated,0.0234,3.953822944236191e-05,0.719840109884855,1,0
NiVsG_P42,N529H,average,2,3.837423456652115e-05,interpolated,3.84e-05,0.00048472995985658044,interpolated,0.000485,0.007718900446910364,interpolated,0.00772,3.837423456652115e-05,0.8663432086049239,1,0
NiVsG_P42,E393W,average,2,3.450446239194177e-05,interpolated,3.45e-05,0.0004099637964647648,interpolated,0.00041,0.006106364908788972,interpolated,0.00611,3.450446239194177e-05,0.8877746102978916,1,0
NiVsG_P42,L184E/P403K,average,2,2.6473499972965693e-05,interpolated,2.65e-05,0.0002647340867560858,interpolated,0.000265,0.00326691171909034,interpolated,0.00327,2.6473499972965693e-05,0.9542439386337522,1,0
NiVsG_P42,N306V,average,2,2.2498347710804092e-05,interpolated,2.25e-05,0.0002169989082102168,interpolated,0.000217,0.002574307410232191,interpolated,0.00257,2.2498347710804092e-05,0.9694562599242741,1,0
NiVsG_P42,P403K,average,2,3.884392551304064e-05,interpolated,3.88e-05,0.0009756945358837314,interpolated,0.000976,0.02778,lower,>0.0278,3.884392551304064e-05,0.6816062909622296,1,0
