serum,virus,replicate,nreplicates,ic50,ic50_bound,ic50_str,ic90,ic90_bound,ic90_str,ic99,ic99_bound,ic99_str,midpoint,slope,top,bottom
NiVsG_P47,WT,average,2,0.00011191280252509138,interpolated,0.000112,0.002490813201285885,interpolated,0.00249,0.02778,lower,>0.0278,0.00011191280252509138,0.7081779993269981,1,0
NiVsG_P47,N529H,average,2,0.00010270912721597812,interpolated,0.000103,0.001608540324461329,interpolated,0.00161,0.02778,lower,>0.0278,0.00010270912721597812,0.7986476475410649,1,0
NiVsG_P47,E393W,average,2,0.00018893314963611973,interpolated,0.000189,0.002205919583918464,interpolated,0.00221,0.02778,lower,>0.0278,0.00018893314963611973,0.8940869854395932,1,0
NiVsG_P47,L184E/P403K,average,2,9.397758892506017e-05,interpolated,9.4e-05,0.0009284042221203224,interpolated,0.000928,0.011305667521516748,interpolated,0.0113,9.397758892506017e-05,0.9593145896701363,1,0
NiVsG_P47,N306V,average,2,8.787333105659642e-05,interpolated,8.79e-05,0.000581253067133868,interpolated,0.000581,0.004568880033638795,interpolated,0.00457,8.787333105659642e-05,1.1629896530345298,1,0
NiVsG_P47,P403K,average,2,0.0002141468765717105,interpolated,0.000214,0.0022670402218886603,interpolated,0.00227,0.02778,lower,>0.0278,0.0002141468765717105,0.9311977117054242,1,0
