serum,virus,replicate,nreplicates,ic50,ic50_bound,ic50_str,ic90,ic90_bound,ic90_str,ic99,ic99_bound,ic99_str,midpoint,slope,top,bottom
bEFNB2_5min,NiV,average,2,0.0018735487289728062,interpolated,0.00187,0.007047776801533468,interpolated,0.00705,0.029921883026817295,interpolated,0.0299,0.0018735487289728062,1.6584355622191125,1,0
bEFNB2_60min,NiV,average,2,0.002197763128823721,interpolated,0.0022,0.007379708737186872,interpolated,0.00738,0.02767846688227757,interpolated,0.0277,0.002197763128823721,1.8139480737124918,1,0
bEFNB2_120min,NiV,average,2,0.0029198319307223285,interpolated,0.00292,0.008964826345089005,interpolated,0.00896,0.030494395016167363,interpolated,0.0305,0.0029198319307223285,1.95869005352715,1,0
