serum,virus,replicate,nreplicates,ic50,ic50_bound,ic50_str,ic90,ic90_bound,ic90_str,ic99,ic99_bound,ic99_str,midpoint,slope,top,bottom
NiVsG_P42,WT,average,2,3.953822908513444e-05,interpolated,3.95e-05,0.0008368515652821655,interpolated,0.000837,0.02340714525985787,interpolated,0.0234,3.953822908513444e-05,0.7198400999273741,1,0
NiVsG_P42,N529H,average,2,3.837423439576274e-05,interpolated,3.84e-05,0.00048472996604190363,interpolated,0.000485,0.007718900690382292,interpolated,0.00772,3.837423439576274e-05,0.866343202726098,1,0
NiVsG_P42,E393W,average,2,3.450446217407888e-05,interpolated,3.45e-05,0.0004099638045199248,interpolated,0.00041,0.006106365201785299,interpolated,0.00611,3.450446217407888e-05,0.8877746009851455,1,0
NiVsG_P42,L184E/P403K,average,2,2.6473499909315267e-05,interpolated,2.65e-05,0.000264734088192234,interpolated,0.000265,0.0032669117647260945,interpolated,0.00327,2.6473499909315267e-05,0.954243935389157,1,0
NiVsG_P42,N306V,average,2,2.249834772546601e-05,interpolated,2.25e-05,0.00021699891221693308,interpolated,0.000217,0.0025743075078076133,interpolated,0.00257,2.249834772546601e-05,0.9694562523051035,1,0
NiVsG_P42,P403K,average,2,3.884392502340988e-05,interpolated,3.88e-05,0.000975694559324082,interpolated,0.000976,0.02778,lower,>0.0278,3.884392502340988e-05,0.6816062832172202,1,0
NiVsG_P47,WT,average,2,0.00011191280348507025,interpolated,0.000112,0.0024908133356994714,interpolated,0.00249,0.02778,lower,>0.0278,0.00011191280348507025,0.7081779889676945,1,0
NiVsG_P47,N529H,average,2,0.00010270912705164569,interpolated,0.000103,0.0016085403262652708,interpolated,0.00161,0.02778,lower,>0.0278,0.00010270912705164569,0.7986476467510462,1,0
NiVsG_P47,E393W,average,2,0.00018893314193386488,interpolated,0.000189,0.002205919659558454,interpolated,0.00221,0.02778,lower,>0.0278,0.00018893314193386488,0.8940869581325793,1,0
NiVsG_P47,L184E/P403K,average,2,9.397758822435137e-05,interpolated,9.4e-05,0.0009284042172317237,interpolated,0.000928,0.011305667489012954,interpolated,0.0113,9.397758822435137e-05,0.9593145887526543,1,0
NiVsG_P47,N306V,average,2,8.787333016649369e-05,interpolated,8.79e-05,0.0005812530666747695,interpolated,0.000581,0.004568880076598472,interpolated,0.00457,8.787333016649369e-05,1.162989647285391,1,0
NiVsG_P47,P403K,average,2,0.00021414687705782862,interpolated,0.000214,0.0022670402370197737,interpolated,0.00227,0.02778,lower,>0.0278,0.00021414687705782862,0.9311977099672508,1,0
